time,copter_pitch_angle,copter_pitch_angle_kal,copter_pitch_angle_komp,copter_roll_angle,copter_roll_angle_kal,copter_roll_angle_komp,
53.562,29.4375,28.908313751220703,28.911191940307617,-1.125,-1.4133268594741821,-1.4218299388885498,
53.572,29.4375,28.90934944152832,28.911754608154297,-1.125,-1.4145416021347046,-1.422298550605774,
53.582,29.4375,28.915054321289062,28.913251876831055,-1.125,-1.4191142320632935,-1.42488431930542,
53.592,29.4375,28.916656494140625,28.91378402709961,-1.125,-1.4214990139007568,-1.4258027076721191,
53.602,29.4375,28.911401748657227,28.91215705871582,-1.125,-1.4239016771316528,-1.4271743297576904,
53.612,29.4375,28.90643882751465,28.910560607910156,-1.125,-1.420566439628601,-1.4254993200302124,
53.622,29.4375,28.906461715698242,28.910144805908203,-1.125,-1.41746187210083,-1.4237821102142334,
53.632,29.4375,28.923786163330078,28.915925979614258,-1.125,-1.4222153425216675,-1.4259449243545532,
53.642,29.4375,28.9266414642334,28.916929244995117,-1.125,-1.4200371503829956,-1.4249441623687744,
53.652,29.4375,28.924779891967773,28.917152404785156,-1.125,-1.4209873676300049,-1.424896240234375,
53.662,29.4375,28.916067123413086,28.91560935974121,-1.125,-1.4231865406036377,-1.425596833229065,
53.672,29.4375,28.91464614868164,28.91594696044922,-1.125,-1.4121019840240479,-1.4202215671539307,
53.682,29.4375,28.91573143005371,28.916013717651367,-1.125,-1.4149284362792969,-1.42112398147583,
53.692,29.4375,28.928308486938477,28.91949462890625,-1.125,-1.420180082321167,-1.4235848188400269,
53.702,29.4375,28.92398452758789,28.91786766052246,-1.125,-1.4199386835098267,-1.4234697818756104,
53.712,29.4375,28.91337776184082,28.914552688598633,-1.125,-1.4129475355148315,-1.4199107885360718,
53.722,29.4375,28.897979736328125,28.908950805664062,-1.125,-1.4152992963790894,-1.4212751388549805,
53.732,29.4375,28.910436630249023,28.913150787353516,-1.125,-1.41267728805542,-1.4194968938827515,
53.742,29.4375,28.915178298950195,28.914752960205078,-1.125,-1.411997675895691,-1.418419599533081,
53.752,29.4375,28.916872024536133,28.915109634399414,-1.125,-1.4113452434539795,-1.4172247648239136,
53.762,29.4375,28.915327072143555,28.914695739746094,-1.125,-1.4068102836608887,-1.414435625076294,
53.772,29.4375,28.91119384765625,28.913618087768555,-1.125,-1.412306785583496,-1.4164361953735352,
53.782,29.4375,28.904817581176758,28.912006378173828,-1.125,-1.4116008281707764,-1.415848731994629,
53.792,29.4375,28.897323608398438,28.909709930419922,-1.125,-1.4081562757492065,-1.413974642753601,
53.802,29.4375,28.89554214477539,28.909019470214844,-1.125,-1.4047033786773682,-1.4120687246322632,
53.812,29.4375,28.90690803527832,28.912395477294922,-1.125,-1.4065033197402954,-1.4122169017791748,
53.822,29.4375,28.904659271240234,28.910892486572266,-1.125,-1.4079828262329102,-1.412257432937622,
53.832,29.4375,28.90581703186035,28.911197662353516,-1.125,-1.4075167179107666,-1.4111407995224,
53.842,29.4375,28.899017333984375,28.909578323364258,-1.125,-1.4064702987670898,-1.4100874662399292,
53.852,29.4375,28.892061233520508,28.908096313476562,-1.125,-1.3999401330947876,-1.4065357446670532,
53.862,29.4375,28.89228630065918,28.908376693725586,-1.125,-1.401664137840271,-1.407141089439392,
53.872,29.4375,28.89792251586914,28.909923553466797,-1.125,-1.3975881338119507,-1.404895544052124,
53.882,29.4375,28.906028747558594,28.912153244018555,-1.125,-1.4013499021530151,-1.4060864448547363,
53.892,29.4375,28.9062557220459,28.911640167236328,-1.125,-1.4050565958023071,-1.4073610305786133,
53.902,29.4375,28.904958724975586,28.910505294799805,-1.125,-1.4059271812438965,-1.4073922634124756,
53.912,29.4375,28.899843215942383,28.908828735351562,-1.125,-1.4067375659942627,-1.4072065353393555,
53.922,29.4375,28.90552520751953,28.911102294921875,-1.125,-1.4105262756347656,-1.4080016613006592,
53.932,29.4375,28.89974594116211,28.90941047668457,-1.125,-1.4126925468444824,-1.4081827402114868,
53.942,29.4375,28.913103103637695,28.913759231567383,-1.125,-1.4123454093933105,-1.4074326753616333,
53.952,29.4375,28.91543197631836,28.914539337158203,-1.125,-1.413262128829956,-1.4075294733047485,
53.962,29.4375,28.91244888305664,28.913782119750977,-1.125,-1.4040687084197998,-1.4026072025299072,
53.972,29.4375,28.913162231445312,28.91451644897461,-1.125,-1.4064725637435913,-1.4030241966247559,
53.982,29.4375,28.909452438354492,28.9139461517334,-1.125,-1.409336805343628,-1.4038946628570557,
53.992,29.4375,28.90296173095703,28.912433624267578,-1.125,-1.4194363355636597,-1.408779263496399,
54.002,29.4375,28.896669387817383,28.91092300415039,-1.125,-1.4191200733184814,-1.4089713096618652,
54.012,29.4375,28.89739418029785,28.91089630126953,-1.125,-1.4170249700546265,-1.4083061218261719,
54.022,29.4375,28.90146827697754,28.91168975830078,-1.125,-1.4164390563964844,-1.4088102579116821,
54.032,29.4375,28.90848159790039,28.91347312927246,-1.125,-1.4166074991226196,-1.409521460533142,
54.042,29.4375,28.90705108642578,28.912399291992188,-1.125,-1.4177742004394531,-1.4100909233093262,
54.052,29.4375,28.903215408325195,28.910606384277344,-1.125,-1.4149229526519775,-1.408817172050476,
54.062,29.4375,28.89860725402832,28.908817291259766,-1.125,-1.4120999574661255,-1.4069478511810303,
54.072,29.4375,28.898387908935547,28.909317016601562,-1.125,-1.4115976095199585,-1.4065052270889282,
54.082,29.4375,28.90325927734375,28.911788940429688,-1.125,-1.4078694581985474,-1.404497742652893,
54.092,29.4375,28.924135208129883,28.919973373413086,-1.125,-1.4052451848983765,-1.40298593044281,
54.102,29.4375,28.92520523071289,28.921314239501953,-1.125,-1.409494400024414,-1.4050060510635376,
54.112,29.4375,28.930564880371094,28.923681259155273,-1.125,-1.4139176607131958,-1.4068453311920166,
54.122,29.4375,28.929792404174805,28.923961639404297,-1.125,-1.4133752584457397,-1.406132698059082,
54.132,29.4375,28.93524742126465,28.926410675048828,-1.125,-1.4161003828048706,-1.4074522256851196,
54.142,29.4375,28.93263816833496,28.926172256469727,-1.125,-1.4186698198318481,-1.408740520477295,
54.152,29.4375,28.9273681640625,28.924942016601562,-1.125,-1.419114589691162,-1.4091891050338745,
54.162,29.4375,28.92837142944336,28.925304412841797,-1.125,-1.419605016708374,-1.4097671508789062,
54.172,29.4375,28.922842025756836,28.923086166381836,-1.125,-1.416103482246399,-1.4085350036621094,
54.182,29.4375,28.919105529785156,28.92123794555664,-1.125,-1.4178236722946167,-1.4095208644866943,
54.192,29.4375,28.91193199157715,28.917987823486328,-1.125,-1.412269949913025,-1.4071401357650757,
54.202,29.4375,28.912492752075195,28.917076110839844,-1.125,-1.4156068563461304,-1.4088530540466309,
54.212,29.4375,28.91261863708496,28.91676902770996,-1.125,-1.4143855571746826,-1.4082882404327393,
54.222,29.4375,28.915142059326172,28.917499542236328,-1.125,-1.423699975013733,-1.4130889177322388,
54.232,29.4375,28.92037582397461,28.91956329345703,-1.125,-1.4262727499008179,-1.4147156476974487,
54.242,29.4375,28.930479049682617,28.922964096069336,-1.125,-1.4292943477630615,-1.416018009185791,
54.252,29.4375,28.937274932861328,28.925094604492188,-1.125,-1.4322141408920288,-1.4174309968948364,
54.262,29.4375,28.940614700317383,28.926469802856445,-1.125,-1.4290683269500732,-1.4158135652542114,
54.272,29.4375,28.93404769897461,28.92441749572754,-1.125,-1.431318998336792,-1.4171147346496582,
54.282,29.4375,28.928442001342773,28.922252655029297,-1.125,-1.4360740184783936,-1.4194934368133545,
54.292,29.4375,28.919994354248047,28.9193058013916,-1.125,-1.4353199005126953,-1.41957688331604,
54.302,29.4375,28.922616958618164,28.9202880859375,-1.125,-1.4308068752288818,-1.4177711009979248,
54.312,29.4375,28.922321319580078,28.920534133911133,-1.125,-1.4262011051177979,-1.4154789447784424,
54.322,29.4375,28.921537399291992,28.920833587646484,-1.125,-1.4292742013931274,-1.4174221754074097,
54.332,29.4375,28.899616241455078,28.913719177246094,-1.125,-1.4343987703323364,-1.4204410314559937,
54.342,29.4375,28.880748748779297,28.906896591186523,-1.125,-1.4386128187179565,-1.4227737188339233,
54.352,29.4375,28.892784118652344,28.910045623779297,-1.125,-1.4418100118637085,-1.4245051145553589,
54.362,29.4375,28.911977767944336,28.916303634643555,-1.125,-1.443831443786621,-1.4258437156677246,
54.372,29.4375,28.916501998901367,28.91770362854004,-1.125,-1.4475570917129517,-1.4281405210494995,
54.382,29.4375,28.91201400756836,28.915943145751953,-1.125,-1.4548646211624146,-1.4322797060012817,
54.392,29.4375,28.90660285949707,28.913759231567383,-1.125,-1.4540799856185913,-1.4329715967178345,
54.402,29.4375,28.897777557373047,28.910593032836914,-1.125,-1.4453288316726685,-1.4296419620513916,
54.412,29.4375,28.88805389404297,28.906810760498047,-1.125,-1.4468075037002563,-1.4300639629364014,
54.422,29.4375,28.893516540527344,28.907712936401367,-1.125,-1.4485111236572266,-1.4309000968933105,
54.432,29.4375,28.90370750427246,28.910364151000977,-1.125,-1.450827956199646,-1.4322327375411987,
54.442,29.4375,28.90622901916504,28.910295486450195,-1.125,-1.4543747901916504,-1.4346917867660522,
54.452,29.4375,28.90496253967285,28.909027099609375,-1.125,-1.4498029947280884,-1.4328068494796753,
54.462,29.4375,28.90208625793457,28.907691955566406,-1.125,-1.4486253261566162,-1.4319472312927246,
54.472,29.4375,28.896480560302734,28.90569305419922,-1.125,-1.4507293701171875,-1.4326344728469849,
54.482,29.4375,28.89338493347168,28.90435218811035,-1.125,-1.4521595239639282,-1.433014154434204,
54.492,29.4375,28.893980026245117,28.903900146484375,-1.125,-1.452032208442688,-1.4330368041992188,
54.502,29.4375,28.893293380737305,28.902875900268555,-1.125,-1.4501615762710571,-1.4326244592666626,
54.512,29.4375,28.896270751953125,28.90337562561035,-1.125,-1.4529014825820923,-1.4344878196716309,
54.522,29.4375,28.88675880432129,28.89966583251953,-1.125,-1.4476431608200073,-1.4320166110992432,
54.532,29.4375,28.88922119140625,28.89964485168457,-1.125,-1.4497764110565186,-1.4330239295959473,
54.542,29.4375,28.892539978027344,28.900089263916016,-1.125,-1.4466683864593506,-1.4319396018981934,
54.552,29.4375,28.893047332763672,28.900346755981445,-1.125,-1.4474401473999023,-1.432508111000061,
54.562,29.4375,28.897611618041992,28.902297973632812,-1.125,-1.446905493736267,-1.4330384731292725,
54.572,29.4375,28.899797439575195,28.903413772583008,-1.125,-1.445115566253662,-1.4329659938812256,
54.582,29.4375,28.89980697631836,28.902952194213867,-1.125,-1.4429160356521606,-1.4328042268753052,
54.592,29.4375,28.89187240600586,28.90023422241211,-1.125,-1.4417997598648071,-1.4316000938415527,
54.602,29.4375,28.888744354248047,28.898958206176758,-1.125,-1.444558024406433,-1.4325261116027832,
54.612,29.4375,28.88985252380371,28.89889907836914,-1.125,-1.4459489583969116,-1.4331157207489014,
54.622,29.4375,28.892684936523438,28.89976692199707,-1.125,-1.4469668865203857,-1.433357834815979,
54.632,29.4375,28.89397430419922,28.899972915649414,-1.125,-1.443134069442749,-1.4317759275436401,
54.642,29.4375,28.88884162902832,28.898103713989258,-1.125,-1.4421297311782837,-1.431666374206543,
54.652,29.4375,28.882965087890625,28.89581298828125,-1.125,-1.448943853378296,-1.435179591178894,
54.662,29.4375,28.88398551940918,28.895870208740234,-1.125,-1.4503979682922363,-1.4354461431503296,
54.672,29.4375,28.88844871520996,28.896982192993164,-1.125,-1.4547380208969116,-1.4373517036437988,
54.682,29.4375,28.88802719116211,28.896209716796875,-1.125,-1.4571820497512817,-1.439658522605896,
54.692,29.4375,28.87759780883789,28.892005920410156,-1.125,-1.4594688415527344,-1.4418007135391235,
54.702,29.4375,28.879491806030273,28.89230728149414,-1.125,-1.4611396789550781,-1.4431124925613403,
54.712,29.4375,28.881921768188477,28.893314361572266,-1.125,-1.4595047235488892,-1.4432008266448975,
54.722,29.4375,28.89640998840332,28.898740768432617,-1.125,-1.4574503898620605,-1.4423317909240723,
54.732,29.4375,28.90771484375,28.90343475341797,-1.125,-1.4529376029968262,-1.4402297735214233,
54.742,29.4375,28.909122467041016,28.904460906982422,-1.125,-1.4522335529327393,-1.4398072957992554,
54.752,29.4375,28.901653289794922,28.90225601196289,-1.125,-1.4540579319000244,-1.4404840469360352,
54.762,29.4375,28.899187088012695,28.902082443237305,-1.125,-1.453175663948059,-1.440150499343872,
54.772,29.4375,28.875316619873047,28.895137786865234,-1.125,-1.443018913269043,-1.435834527015686,
54.782,29.4375,28.925048828125,28.912622451782227,-1.125,-1.4560773372650146,-1.441897988319397,
54.792,29.4375,28.95667839050293,28.924530029296875,-1.125,-1.4539918899536133,-1.4408053159713745,
54.802,29.4375,28.957468032836914,28.926076889038086,-1.125,-1.4546217918395996,-1.440332293510437,
54.812,29.4375,28.911882400512695,28.911678314208984,-1.125,-1.455693006515503,-1.4407449960708618,
54.822,29.4375,28.87456512451172,28.898624420166016,-1.125,-1.4398667812347412,-1.4342176914215088,
54.832,29.4375,28.89874267578125,28.90575408935547,-1.125,-1.445517897605896,-1.4375137090682983,
54.842,29.4375,28.922523498535156,28.91335105895996,-1.125,-1.4441380500793457,-1.4370194673538208,
54.852,29.4375,28.93132209777832,28.916156768798828,-1.125,-1.4452632665634155,-1.4376522302627563,
54.862,29.4375,28.901920318603516,28.906579971313477,-1.125,-1.4608169794082642,-1.4449986219406128,
54.872,29.4375,28.88450813293457,28.900737762451172,-1.125,-1.4577124118804932,-1.4438430070877075,
54.882,29.4375,28.902156829833984,28.90648651123047,-1.125,-1.4475513696670532,-1.439548373222351,
54.892,29.4375,28.91933822631836,28.912405014038086,-1.125,-1.430679202079773,-1.431807279586792,
54.902,29.4375,28.916683197021484,28.912208557128906,-1.125,-1.4296172857284546,-1.4313061237335205,
54.912,29.4375,28.897016525268555,28.90650177001953,-1.125,-1.4367265701293945,-1.4346789121627808,
54.922,29.4375,28.90452003479004,28.90972137451172,-1.125,-1.448448657989502,-1.4404491186141968,
54.932,29.4375,28.937471389770508,28.921104431152344,-1.125,-1.4417608976364136,-1.4378364086151123,
54.942,29.4375,28.92596435546875,28.917451858520508,-1.125,-1.4338562488555908,-1.43428635597229,
54.952,29.4375,28.898696899414062,28.908512115478516,-1.125,-1.427998661994934,-1.4310358762741089,
54.962,29.4375,28.870439529418945,28.89889144897461,-1.125,-1.434785008430481,-1.4333858489990234,
54.972,29.4375,28.85707664489746,28.894542694091797,-1.125,-1.4492263793945312,-1.4398256540298462,
54.982,29.4375,28.88970184326172,28.905410766601562,-1.125,-1.4444483518600464,-1.4377058744430542,
54.992,29.4375,28.898263931274414,28.908897399902344,-1.125,-1.4263174533843994,-1.4293221235275269,
55.002,29.4375,28.90241241455078,28.910362243652344,-1.125,-1.4134241342544556,-1.4230514764785767,
55.012,29.4375,28.893911361694336,28.907691955566406,-1.125,-1.4188952445983887,-1.4247888326644897,
55.022,29.4375,28.890005111694336,28.90656852722168,-1.125,-1.4354033470153809,-1.4317615032196045,
55.032,29.4375,28.897857666015625,28.908910751342773,-1.125,-1.4372860193252563,-1.4327045679092407,
55.042,29.4375,28.899276733398438,28.90957260131836,-1.125,-1.4363598823547363,-1.432281732559204,
55.052,29.4375,28.888917922973633,28.906049728393555,-1.125,-1.4268687963485718,-1.4280848503112793,
55.062,29.4375,28.87759780883789,28.90241241455078,-1.125,-1.4257179498672485,-1.4271758794784546,
55.072,29.4375,28.890052795410156,28.907136917114258,-1.125,-1.4167622327804565,-1.4224554300308228,
55.082,29.4375,28.908313751220703,28.913448333740234,-1.125,-1.4094102382659912,-1.4186705350875854,
55.092,29.4375,28.924114227294922,28.91878890991211,-1.125,-1.4034327268600464,-1.4153001308441162,
55.102,29.4375,28.914390563964844,28.915401458740234,-1.125,-1.404606580734253,-1.4153858423233032,
55.112,29.4375,28.90118980407715,28.911056518554688,-1.125,-1.4092068672180176,-1.4173598289489746,
55.122,29.4375,28.8902530670166,28.90757179260254,-1.125,-1.4096604585647583,-1.4177417755126953,
55.132,29.4375,28.893733978271484,28.908599853515625,-1.125,-1.404334306716919,-1.4156111478805542,
55.142,29.4375,28.90711784362793,28.912240982055664,-1.125,-1.4047333002090454,-1.4162158966064453,
55.152,29.4375,28.905302047729492,28.911235809326172,-1.125,-1.408637285232544,-1.4184901714324951,
55.162,29.4375,28.900711059570312,28.909563064575195,-1.125,-1.413851022720337,-1.4209216833114624,
55.172,29.4375,28.898693084716797,28.908550262451172,-1.125,-1.410372257232666,-1.4196248054504395,
55.182,29.4375,28.905296325683594,28.91008758544922,-1.125,-1.4034031629562378,-1.4160300493240356,
55.192,29.4375,28.91339683532715,28.912221908569336,-1.125,-1.4016658067703247,-1.4152958393096924,
55.202,29.4375,28.914194107055664,28.911916732788086,-1.125,-1.4038102626800537,-1.4165832996368408,
55.212,29.4375,28.911012649536133,28.910818099975586,-1.125,-1.412372350692749,-1.4205372333526611,
55.222,29.4375,28.904138565063477,28.908390045166016,-1.125,-1.4095009565353394,-1.4199116230010986,
55.232,29.4375,28.90298080444336,28.907466888427734,-1.125,-1.404800534248352,-1.417981505393982,
55.242,29.4375,28.892074584960938,28.902408599853516,-1.125,-1.3968323469161987,-1.4145559072494507,
55.252,29.4375,28.88726043701172,28.90011978149414,-1.125,-1.400334358215332,-1.4157624244689941,
55.262,29.4375,28.883947372436523,28.898893356323242,-1.125,-1.403053879737854,-1.4179340600967407,
55.272,29.4375,28.894641876220703,28.901681900024414,-1.125,-1.4080817699432373,-1.420696496963501,
55.282,29.4375,28.898332595825195,28.90206527709961,-1.125,-1.4055384397506714,-1.4201208353042603,
55.292,29.4375,28.902441024780273,28.90282440185547,-1.125,-1.4042781591415405,-1.4204471111297607,
55.302,29.4375,28.894763946533203,28.8998966217041,-1.125,-1.402925729751587,-1.4203391075134277,
55.312,29.4375,28.888381958007812,28.897377014160156,-1.125,-1.4060895442962646,-1.4218488931655884,
55.322,29.4375,28.886045455932617,28.896326065063477,-1.125,-1.4060457944869995,-1.4218045473098755,
55.332,29.4375,28.88946533203125,28.897075653076172,-1.125,-1.4080674648284912,-1.4229187965393066,
55.342,29.4375,28.88691520690918,28.89580535888672,-1.125,-1.3980963230133057,-1.4190735816955566,
55.352,29.4375,28.888399124145508,28.896203994750977,-1.125,-1.395176887512207,-1.4179469347000122,
55.362,29.4375,28.881418228149414,28.893695831298828,-1.125,-1.3934959173202515,-1.4168522357940674,
55.372,29.4375,28.88934898376465,28.896221160888672,-1.125,-1.3968942165374756,-1.4186292886734009,
55.382,29.4375,28.895709991455078,28.898120880126953,-1.125,-1.40198814868927,-1.4211781024932861,
55.392,29.4375,28.893539428710938,28.89747428894043,-1.125,-1.406134009361267,-1.4234492778778076,
55.402,29.4375,28.892248153686523,28.897459030151367,-1.125,-1.3969610929489136,-1.4192676544189453,
55.412,29.4375,28.896839141845703,28.899518966674805,-1.125,-1.3967411518096924,-1.419333815574646,
55.422,29.4375,28.896230697631836,28.899761199951172,-1.125,-1.3976706266403198,-1.4202818870544434,
55.432,29.4375,28.907583236694336,28.903852462768555,-1.125,-1.3955742120742798,-1.4193662405014038,
55.442,29.4375,28.904130935668945,28.903335571289062,-1.125,-1.401224970817566,-1.42218816280365,
55.452,29.4375,28.900022506713867,28.902299880981445,-1.125,-1.402144193649292,-1.422610878944397,
55.462,29.4375,28.893869400024414,28.900732040405273,-1.125,-1.4054070711135864,-1.4241273403167725,
55.472,29.4375,28.898693084716797,28.902488708496094,-1.125,-1.40763521194458,-1.4251763820648193,
55.482,29.4375,28.902692794799805,28.903635025024414,-1.125,-1.4109996557235718,-1.4270164966583252,
55.492,29.4375,28.90464973449707,28.903764724731445,-1.125,-1.4143224954605103,-1.429518461227417,
55.502,29.4375,28.902542114257812,28.90264129638672,-1.125,-1.4094024896621704,-1.4276045560836792,
55.512,29.4375,28.898681640625,28.900819778442383,-1.125,-1.4046945571899414,-1.4253394603729248,
55.522,29.4375,28.89680290222168,28.899700164794922,-1.125,-1.4059600830078125,-1.4262009859085083,
55.532,29.4375,28.898834228515625,28.900114059448242,-1.125,-1.3975597620010376,-1.422950267791748,
55.542,29.4375,28.8966121673584,28.89890480041504,-1.125,-1.3988282680511475,-1.4236708879470825,
55.552,29.4375,28.892858505249023,28.897377014160156,-1.125,-1.4006731510162354,-1.4242808818817139,
55.562,29.4375,28.877498626708984,28.89217185974121,-1.125,-1.3969247341156006,-1.422524333000183,
55.572,29.4375,28.884033203125,28.89445686340332,-1.125,-1.4005171060562134,-1.424285888671875,
55.582,29.4375,28.884681701660156,28.89514923095703,-1.125,-1.3987070322036743,-1.4232608079910278,
55.592,29.4375,28.886220932006836,28.8960018157959,-1.125,-1.399659514427185,-1.4238135814666748,
55.602,29.4375,28.883262634277344,28.895292282104492,-1.125,-1.4031561613082886,-1.425632119178772,
55.612,29.4375,28.881752014160156,28.895004272460938,-1.125,-1.402630090713501,-1.425222635269165,
55.622,29.4375,28.87547492980957,28.892532348632812,-1.125,-1.3993639945983887,-1.4236787557601929,
55.632,29.4375,28.883729934692383,28.895219802856445,-1.125,-1.3958553075790405,-1.4213095903396606,
55.642,29.4375,28.882305145263672,28.894392013549805,-1.125,-1.3937324285507202,-1.4198980331420898,
55.652,29.4375,28.879850387573242,28.893638610839844,-1.125,-1.3961033821105957,-1.4202874898910522,
55.662,29.4375,28.87715721130371,28.892946243286133,-1.125,-1.4029853343963623,-1.423149824142456,
55.672,29.4375,28.888376235961914,28.89697265625,-1.125,-1.4078041315078735,-1.4255986213684082,
55.682,29.4375,28.887985229492188,28.896621704101562,-1.125,-1.403425693511963,-1.4238337278366089,
55.692,29.4375,28.896833419799805,28.89946746826172,-1.125,-1.4071011543273926,-1.4252452850341797,
55.702,29.4375,28.898740768432617,28.90013313293457,-1.125,-1.4060688018798828,-1.4248073101043701,
55.712,29.4375,28.898292541503906,28.90036964416504,-1.125,-1.4080562591552734,-1.4256967306137085,
55.722,29.4375,28.896413803100586,28.899770736694336,-1.125,-1.4086806774139404,-1.42624831199646,
55.732,29.4375,28.90142822265625,28.90135383605957,-1.125,-1.4127987623214722,-1.4281251430511475,
55.742,29.4375,28.89712905883789,28.89996337890625,-1.125,-1.4153023958206177,-1.4290708303451538,
55.752,29.4375,28.89957046508789,28.90093994140625,-1.125,-1.4178638458251953,-1.430048942565918,
55.762,29.4375,28.89851188659668,28.900726318359375,-1.125,-1.4176957607269287,-1.4295744895935059,
55.772,29.4375,28.905899047851562,28.903175354003906,-1.125,-1.4216301441192627,-1.4311211109161377,
55.782,29.4375,28.90639305114746,28.903623580932617,-1.125,-1.4212872982025146,-1.430199384689331,
55.792,29.4375,28.912843704223633,28.905746459960938,-1.125,-1.423669695854187,-1.430956482887268,
55.802,29.4375,28.91122817993164,28.90491485595703,-1.125,-1.423262357711792,-1.4299390316009521,
55.812,29.4375,28.910249710083008,28.904264450073242,-1.125,-1.425513744354248,-1.4308527708053589,
55.822,29.4375,28.912315368652344,28.905643463134766,-1.125,-1.4244475364685059,-1.4299641847610474,
55.832,29.4375,28.909753799438477,28.905155181884766,-1.125,-1.4239552021026611,-1.429248571395874,
55.842,29.4375,28.915725708007812,28.907203674316406,-1.125,-1.4244065284729004,-1.4297822713851929,
55.852,29.4375,28.919206619262695,28.908323287963867,-1.125,-1.4274280071258545,-1.430959939956665,
55.862,29.4375,28.91750144958496,28.907669067382812,-1.125,-1.4326456785202026,-1.4330084323883057,
55.872,29.4375,28.916048049926758,28.908384323120117,-1.125,-1.4286351203918457,-1.4306412935256958,
55.882,29.4375,28.90751075744629,28.90675163269043,-1.125,-1.431870698928833,-1.4318454265594482,
55.892,29.4375,28.909841537475586,28.907779693603516,-1.125,-1.4319380521774292,-1.4319368600845337,
55.902,29.4375,28.912063598632812,28.908376693725586,-1.125,-1.4307973384857178,-1.4315969944000244,
55.912,29.4375,28.907981872558594,28.90679931640625,-1.125,-1.4267964363098145,-1.4298067092895508,
55.922,29.4375,28.906171798706055,28.906084060668945,-1.125,-1.4288748502731323,-1.4308489561080933,
55.932,29.4375,28.90528106689453,28.904998779296875,-1.125,-1.4251255989074707,-1.4289954900741577,
55.942,29.4375,28.904069900512695,28.90379524230957,-1.125,-1.42323899269104,-1.427521824836731,
55.952,29.4375,28.901580810546875,28.902280807495117,-1.125,-1.4267630577087402,-1.4286409616470337,
55.962,29.4375,28.903902053833008,28.90254020690918,-1.125,-1.4300971031188965,-1.4301735162734985,
55.972,29.4375,28.90611457824707,28.90289306640625,-1.125,-1.4315145015716553,-1.4310863018035889,
55.982,29.4375,28.90447235107422,28.90224838256836,-1.125,-1.430180311203003,-1.4301433563232422,
55.992,29.4375,28.91072654724121,28.904315948486328,-1.125,-1.4292206764221191,-1.4291880130767822,
56.002,29.4375,28.909788131713867,28.9039306640625,-1.125,-1.4312796592712402,-1.4296674728393555,
56.012,29.4375,28.90734100341797,28.90293312072754,-1.125,-1.4332046508789062,-1.4302051067352295,
56.022,29.4375,28.90742301940918,28.903087615966797,-1.125,-1.4382398128509521,-1.4325488805770874,
56.032,29.4375,28.918170928955078,28.906970977783203,-1.125,-1.4396116733551025,-1.4332188367843628,
56.042,29.4375,28.920682907104492,28.90753746032715,-1.125,-1.4416824579238892,-1.434343695640564,
56.052,29.4375,28.917036056518555,28.906234741210938,-1.125,-1.4445433616638184,-1.43619966506958,
56.062,29.4375,28.91111183166504,28.903989791870117,-1.125,-1.4461705684661865,-1.4373308420181274,
56.072,29.4375,28.901451110839844,28.900474548339844,-1.125,-1.4449005126953125,-1.437140703201294,
56.082,29.4375,28.90700912475586,28.901933670043945,-1.125,-1.4418792724609375,-1.4362459182739258,
56.092,29.4375,28.91423797607422,28.9047908782959,-1.125,-1.4461605548858643,-1.438694953918457,
56.102,29.4375,28.913055419921875,28.905025482177734,-1.125,-1.4477276802062988,-1.4400479793548584,
56.112,29.4375,28.9111270904541,28.90434455871582,-1.125,-1.4478380680084229,-1.4401074647903442,
56.122,29.4375,28.908702850341797,28.903301239013672,-1.125,-1.4433364868164062,-1.4378161430358887,
56.132,29.4375,28.91716957092285,28.90638542175293,-1.125,-1.4451416730880737,-1.438737392425537,
56.142,29.4375,28.9174861907959,28.906665802001953,-1.125,-1.4467509984970093,-1.439325213432312,
56.152,29.4375,28.914459228515625,28.9050235748291,-1.125,-1.4488400220870972,-1.4403777122497559,
56.162,29.4375,28.90317153930664,28.900806427001953,-1.125,-1.443342924118042,-1.438037633895874,
56.172,29.4375,28.902921676635742,28.900890350341797,-1.125,-1.4395698308944702,-1.436775803565979,
56.182,29.4375,28.915157318115234,28.905303955078125,-1.125,-1.4426075220108032,-1.4385355710983276,
56.192,29.4375,28.91562271118164,28.905588150024414,-1.125,-1.4410200119018555,-1.4379968643188477,
56.202,29.4375,28.91562271118164,28.905588150024414,-1.125,-1.4410200119018555,-1.4379968643188477,
56.212,29.4375,28.899330139160156,28.899154663085938,-1.125,-1.4395767450332642,-1.4370629787445068,
56.222,29.4375,28.899330139160156,28.899154663085938,-1.125,-1.4395767450332642,-1.4370629787445068,
56.232,29.4375,28.898426055908203,28.89826774597168,-1.125,-1.4328042268753052,-1.4332202672958374,
56.242,29.4375,28.900983810424805,28.89913558959961,-1.125,-1.4262511730194092,-1.4297842979431152,
56.252,29.4375,28.90528678894043,28.900461196899414,-1.125,-1.4253404140472412,-1.4289861917495728,
56.262,29.4375,28.9068660736084,28.901531219482422,-1.125,-1.4258309602737427,-1.4283183813095093,
56.272,29.4375,28.9068660736084,28.901531219482422,-1.125,-1.4258309602737427,-1.4283183813095093,
56.282,29.4375,28.91112518310547,28.903173446655273,-1.125,-1.428647756576538,-1.429797887802124,
56.292,29.4375,28.90868377685547,28.902345657348633,-1.125,-1.427990436553955,-1.4298352003097534,
56.302,29.4375,28.90509605407715,28.900976181030273,-1.125,-1.42681884765625,-1.4292598962783813,
56.312,29.4375,28.89691925048828,28.896928787231445,-1.125,-1.4211267232894897,-1.4263498783111572,
56.322,29.4375,28.89691925048828,28.896928787231445,-1.125,-1.4211267232894897,-1.4263498783111572,
56.332,29.4375,28.89077377319336,28.89459228515625,-1.125,-1.4239026308059692,-1.4271128177642822,
56.342,29.4375,28.8920841217041,28.895009994506836,-1.125,-1.4234760999679565,-1.4268285036087036,
56.352,29.4375,28.89037322998047,28.893720626831055,-1.125,-1.4230632781982422,-1.4265573024749756,
56.362,29.4375,28.893245697021484,28.89352035522461,-1.125,-1.419639229774475,-1.4248900413513184,
56.372,29.4375,28.893245697021484,28.89352035522461,-1.125,-1.419639229774475,-1.4248900413513184,
56.382,29.4375,28.89055633544922,28.89225196838379,-1.125,-1.4114115238189697,-1.4212219715118408,
56.392,29.4375,28.89628028869629,28.89375114440918,-1.125,-1.4178760051727295,-1.424324631690979,
56.402,29.4375,28.899242401123047,28.894987106323242,-1.125,-1.4161272048950195,-1.4239202737808228,
56.412,29.4375,28.90050506591797,28.895471572875977,-1.125,-1.4357463121414185,-1.4335541725158691,
56.422,29.4375,28.90050506591797,28.895471572875977,-1.125,-1.4357463121414185,-1.4335541725158691,
56.432,29.4375,28.899221420288086,28.894906997680664,-1.125,-1.4354678392410278,-1.4337564706802368,
56.442,29.4375,28.895854949951172,28.893596649169922,-1.125,-1.4357284307479858,-1.434704065322876,
56.452,29.4375,28.897279739379883,28.8941593170166,-1.125,-1.4329795837402344,-1.4339728355407715,
56.462,29.4375,28.892675399780273,28.893295288085938,-1.125,-1.4311187267303467,-1.434008002281189,
56.472,29.4375,28.883644104003906,28.890470504760742,-1.125,-1.427581548690796,-1.4329216480255127,
56.482,29.4375,28.883644104003906,28.890470504760742,-1.125,-1.427581548690796,-1.4329216480255127,
56.492,29.4375,28.891225814819336,28.893165588378906,-1.125,-1.4297716617584229,-1.4340269565582275,
56.502,29.4375,28.893795013427734,28.893768310546875,-1.125,-1.4351446628570557,-1.436363697052002,
56.512,29.4375,28.88946533203125,28.892196655273438,-1.125,-1.438125729560852,-1.4380924701690674,
56.522,29.4375,28.88946533203125,28.892196655273438,-1.125,-1.438125729560852,-1.4380924701690674,
56.532,29.4375,28.883634567260742,28.891172409057617,-1.125,-1.4342808723449707,-1.4371331930160522,
56.542,29.4375,28.899030685424805,28.89786148071289,-1.125,-1.4335227012634277,-1.4366376399993896,
56.552,29.4375,28.899030685424805,28.89786148071289,-1.125,-1.4335227012634277,-1.4366376399993896,
56.562,29.4375,28.886789321899414,28.89381217956543,-1.125,-1.437397837638855,-1.4380362033843994,
56.572,29.4375,28.88799476623535,28.894092559814453,-1.125,-1.4357483386993408,-1.4372670650482178,
56.582,29.4375,28.90416717529297,28.899585723876953,-1.125,-1.4345486164093018,-1.436287522315979,
56.592,29.4375,28.91146469116211,28.90221405029297,-1.125,-1.4329473972320557,-1.4354395866394043,
56.602,29.4375,28.914579391479492,28.903642654418945,-1.125,-1.4327657222747803,-1.4352351427078247,
56.612,29.4375,28.90654754638672,28.901689529418945,-1.125,-1.4318546056747437,-1.4350669384002686,
56.622,29.4375,28.907026290893555,28.90238380432129,-1.125,-1.4343490600585938,-1.4365806579589844,
56.632,29.4375,28.911062240600586,28.903430938720703,-1.125,-1.435696005821228,-1.436820387840271,
56.642,29.4375,28.914913177490234,28.90435028076172,-1.125,-1.4317634105682373,-1.4347000122070312,
56.652,29.4375,28.914480209350586,28.90418815612793,-1.125,-1.427173137664795,-1.431951880455017,
56.662,29.4375,28.91465950012207,28.904537200927734,-1.125,-1.4233388900756836,-1.4298961162567139,
56.672,29.4375,28.914155960083008,28.904630661010742,-1.125,-1.424923300743103,-1.430274248123169,
56.682,29.4375,28.908424377441406,28.902748107910156,-1.125,-1.4262580871582031,-1.4303261041641235,
56.692,29.4375,28.912364959716797,28.903823852539062,-1.125,-1.4259114265441895,-1.4303064346313477,
56.702,29.4375,28.905704498291016,28.900663375854492,-1.125,-1.4212851524353027,-1.4279409646987915,
56.712,29.4375,28.911724090576172,28.9017276763916,-1.125,-1.420375108718872,-1.4268817901611328,
56.722,29.4375,28.9096622467041,28.900217056274414,-1.125,-1.4188334941864014,-1.4256062507629395,
56.732,29.4375,28.90264892578125,28.897212982177734,-1.125,-1.4167505502700806,-1.4236985445022583,
56.742,29.4375,28.901472091674805,28.896541595458984,-1.125,-1.4219125509262085,-1.4254648685455322,
56.752,29.4375,28.90705680847168,28.898174285888672,-1.125,-1.4222793579101562,-1.4251145124435425,
56.762,29.4375,28.909626007080078,28.89842987060547,-1.125,-1.420763373374939,-1.4243040084838867,
56.772,29.4375,28.90896224975586,28.89740562438965,-1.125,-1.419775128364563,-1.4237033128738403,
56.782,29.4375,28.907926559448242,28.896570205688477,-1.125,-1.4201970100402832,-1.423607349395752,
56.792,29.4375,28.901947021484375,28.894912719726562,-1.125,-1.4113175868988037,-1.4188612699508667,
56.802,29.4375,28.904022216796875,28.896045684814453,-1.125,-1.412455439567566,-1.4194551706314087,
56.812,29.4375,28.90574073791504,28.89650535583496,-1.125,-1.4150584936141968,-1.420979380607605,
56.822,29.4375,28.9013614654541,28.895021438598633,-1.125,-1.4175111055374146,-1.4221524000167847,
56.832,29.4375,28.902463912963867,28.895790100097656,-1.125,-1.419217586517334,-1.4232361316680908,
56.842,29.4375,28.904979705810547,28.896146774291992,-1.125,-1.4185621738433838,-1.4231986999511719,
56.852,29.4375,28.90105628967285,28.894184112548828,-1.125,-1.4183363914489746,-1.4234555959701538,
56.862,29.4375,28.8952579498291,28.891448974609375,-1.125,-1.4115663766860962,-1.420170545578003,
56.872,29.4375,28.89364242553711,28.890350341796875,-1.125,-1.4135500192642212,-1.4202182292938232,
56.882,29.4375,28.89471435546875,28.890111923217773,-1.125,-1.4097144603729248,-1.4180433750152588,
56.892,29.4375,28.891693115234375,28.88809585571289,-1.125,-1.4080592393875122,-1.4169790744781494,
56.902,29.4375,28.892250061035156,28.88719940185547,-1.125,-1.4064712524414062,-1.4154709577560425,
56.912,29.4375,28.892452239990234,28.88663673400879,-1.125,-1.4028376340866089,-1.4130065441131592,
56.922,29.4375,28.889089584350586,28.885540008544922,-1.125,-1.4050170183181763,-1.4133888483047485,
56.932,29.4375,28.886627197265625,28.884267807006836,-1.125,-1.4078691005706787,-1.413907766342163,
56.942,29.4375,28.891090393066406,28.885055541992188,-1.125,-1.4141604900360107,-1.4165995121002197,
56.952,29.4375,28.89410972595215,28.885608673095703,-1.125,-1.4155851602554321,-1.417245864868164,
56.962,29.4375,28.889585494995117,28.883445739746094,-1.125,-1.4167015552520752,-1.4175392389297485,
56.972,29.4375,28.8870849609375,28.882095336914062,-1.125,-1.4166191816329956,-1.417458176612854,
56.982,29.4375,28.894107818603516,28.88384437561035,-1.125,-1.418652892112732,-1.418445110321045,
56.992,29.4375,28.894184112548828,28.8835391998291,-1.125,-1.4199572801589966,-1.4183111190795898,
57.002,29.4375,28.894336700439453,28.883363723754883,-1.125,-1.415337085723877,-1.4152625799179077,
57.012,29.4375,28.894445419311523,28.883203506469727,-1.125,-1.4135233163833618,-1.4133317470550537,
57.022,29.4375,28.88607406616211,28.88045310974121,-1.125,-1.414154291152954,-1.4126957654953003,
57.032,29.4375,28.87933921813965,28.878067016601562,-1.125,-1.4155831336975098,-1.41280996799469,
57.042,29.4375,28.87649917602539,28.877017974853516,-1.125,-1.4076048135757446,-1.4088407754898071,
57.052,29.4375,28.881824493408203,28.87850570678711,-1.125,-1.4099873304367065,-1.4101066589355469,
57.062,29.4375,28.88811492919922,28.880687713623047,-1.125,-1.4108505249023438,-1.4103597402572632,
57.072,29.4375,28.89016342163086,28.881366729736328,-1.125,-1.4051822423934937,-1.4074676036834717,
57.082,29.4375,28.888885498046875,28.880786895751953,-1.125,-1.4069082736968994,-1.4080274105072021,
57.092,29.4375,28.892942428588867,28.8820743560791,-1.125,-1.409394383430481,-1.4092228412628174,
57.102,29.4375,28.89844512939453,28.883995056152344,-1.125,-1.4065642356872559,-1.407737135887146,
57.112,29.4375,28.902366638183594,28.885683059692383,-1.125,-1.406887412071228,-1.4075040817260742,
57.122,29.4375,28.90372085571289,28.88629150390625,-1.125,-1.402567744255066,-1.4057109355926514,
57.132,29.4375,28.899553298950195,28.884714126586914,-1.125,-1.4114009141921997,-1.4099416732788086,
57.142,29.4375,28.89997100830078,28.884822845458984,-1.125,-1.415406584739685,-1.4119353294372559,
57.152,29.4375,28.89881134033203,28.884592056274414,-1.125,-1.418606162071228,-1.4137464761734009,
57.162,29.4375,28.895885467529297,28.88361358642578,-1.125,-1.4191211462020874,-1.4145183563232422,
57.172,29.4375,28.897703170776367,28.884658813476562,-1.125,-1.4190137386322021,-1.4145324230194092,
57.182,29.4375,28.900432586669922,28.885753631591797,-1.125,-1.4203537702560425,-1.4149595499038696,
57.192,29.4375,28.900211334228516,28.88565444946289,-1.125,-1.422260046005249,-1.415312647819519,
57.202,29.4375,28.90156364440918,28.8859806060791,-1.125,-1.4247782230377197,-1.4164823293685913,
57.212,29.4375,28.903141021728516,28.886953353881836,-1.125,-1.4218552112579346,-1.4152178764343262,
57.222,29.4375,28.89899444580078,28.886030197143555,-1.125,-1.4248476028442383,-1.4163289070129395,
57.232,29.4375,28.902250289916992,28.887338638305664,-1.125,-1.42660653591156,-1.417306661605835,
57.242,29.4375,28.902311325073242,28.887035369873047,-1.125,-1.4277808666229248,-1.4172145128250122,
57.252,29.4375,28.902292251586914,28.887319564819336,-1.125,-1.4253051280975342,-1.4155006408691406,
57.262,29.4375,28.90740966796875,28.888973236083984,-1.125,-1.4224883317947388,-1.4141795635223389,
57.272,29.4375,28.908029556274414,28.889455795288086,-1.125,-1.4249267578125,-1.4151334762573242,
57.282,29.4375,28.903682708740234,28.888347625732422,-1.125,-1.4257763624191284,-1.4159871339797974,
57.292,29.4375,28.913564682006836,28.892024993896484,-1.125,-1.4277727603912354,-1.4171744585037231,
57.302,29.4375,28.915178298950195,28.893173217773438,-1.125,-1.427323818206787,-1.417266845703125,
57.312,29.4375,28.912967681884766,28.892915725708008,-1.125,-1.4287937879562378,-1.4179891347885132,
57.322,29.4375,28.914979934692383,28.893722534179688,-1.125,-1.4283796548843384,-1.417806625366211,
57.332,29.4375,28.91243553161621,28.89288330078125,-1.125,-1.4337974786758423,-1.420896291732788,
57.342,29.4375,28.913389205932617,28.89373016357422,-1.125,-1.435261845588684,-1.4214081764221191,
57.352,29.4375,28.911962509155273,28.893335342407227,-1.125,-1.4340369701385498,-1.421127200126648,
57.362,29.4375,28.91158103942871,28.89272117614746,-1.125,-1.4329193830490112,-1.4205782413482666,
57.372,29.4375,28.91240692138672,28.892683029174805,-1.125,-1.4330410957336426,-1.4205178022384644,
57.382,29.4375,28.90936279296875,28.891712188720703,-1.125,-1.435132384300232,-1.422041416168213,
57.392,29.4375,28.90932846069336,28.891887664794922,-1.125,-1.4339094161987305,-1.4214222431182861,
57.402,29.4375,28.906892776489258,28.89055061340332,-1.125,-1.4359744787216187,-1.4223318099975586,
57.412,29.4375,28.904842376708984,28.889446258544922,-1.125,-1.4352612495422363,-1.4220918416976929,
57.422,29.4375,28.906047821044922,28.889633178710938,-1.125,-1.4326508045196533,-1.4206957817077637,
57.432,29.4375,28.903078079223633,28.888683319091797,-1.125,-1.4325703382492065,-1.4213025569915771,
57.442,29.4375,28.908891677856445,28.89112091064453,-1.125,-1.4341298341751099,-1.4222698211669922,
57.452,29.4375,28.91448974609375,28.89381217956543,-1.125,-1.4309455156326294,-1.4209014177322388,
57.462,29.4375,28.914709091186523,28.895042419433594,-1.125,-1.4311103820800781,-1.4214060306549072,
57.472,29.4375,28.913915634155273,28.895307540893555,-1.125,-1.4238609075546265,-1.4185805320739746,
57.482,29.4375,28.913307189941406,28.895769119262695,-1.125,-1.4220613241195679,-1.4183188676834106,
57.492,29.4375,28.91423988342285,28.896957397460938,-1.125,-1.4218158721923828,-1.4183522462844849,
57.502,29.4375,28.915454864501953,28.897920608520508,-1.125,-1.4248920679092407,-1.4197181463241577,
57.512,29.4375,28.910078048706055,28.896286010742188,-1.125,-1.4283287525177002,-1.4220434427261353,
57.522,29.4375,28.908838272094727,28.895221710205078,-1.125,-1.4304450750350952,-1.4232144355773926,
57.532,29.4375,28.90346908569336,28.89337921142578,-1.125,-1.4303858280181885,-1.422777771949768,
57.542,29.4375,28.897172927856445,28.891233444213867,-1.125,-1.4291218519210815,-1.4221012592315674,
57.552,29.4375,28.901460647583008,28.892786026000977,-1.125,-1.4267117977142334,-1.4210501909255981,
57.562,29.4375,28.898414611816406,28.89140510559082,-1.125,-1.4300717115402222,-1.4229291677474976,
57.572,29.4375,28.89729881286621,28.89081382751465,-1.125,-1.430912971496582,-1.4232070446014404,
57.582,29.4375,28.890901565551758,28.888891220092773,-1.125,-1.4315998554229736,-1.4231655597686768,
57.592,29.4375,28.89118766784668,28.888898849487305,-1.125,-1.4301881790161133,-1.42263925075531,
57.602,29.4375,28.893095016479492,28.889236450195312,-1.125,-1.4217690229415894,-1.4197592735290527,
57.612,29.4375,28.891386032104492,28.88818359375,-1.125,-1.4209636449813843,-1.419549822807312,
57.622,29.4375,28.891448974609375,28.887388229370117,-1.125,-1.417891502380371,-1.4180926084518433,
57.632,29.4375,28.889726638793945,28.886615753173828,-1.125,-1.4208581447601318,-1.4197487831115723,
57.642,29.4375,28.88749122619629,28.885900497436523,-1.125,-1.4219242334365845,-1.4201922416687012,
57.652,29.4375,28.888931274414062,28.885967254638672,-1.125,-1.4184730052947998,-1.4189550876617432,
57.662,29.4375,28.885923385620117,28.884395599365234,-1.125,-1.4162744283676147,-1.4178298711776733,
57.672,29.4375,28.88662338256836,28.884737014770508,-1.125,-1.4187636375427246,-1.4185737371444702,
57.682,29.4375,28.889806747436523,28.886138916015625,-1.125,-1.4207098484039307,-1.4192386865615845,
57.692,29.4375,28.887605667114258,28.885616302490234,-1.125,-1.4203546047210693,-1.4189317226409912,
57.702,29.4375,28.891706466674805,28.887022018432617,-1.125,-1.4235236644744873,-1.4206651449203491,
57.712,29.4375,28.88841438293457,28.886192321777344,-1.125,-1.425644874572754,-1.4220408201217651,
57.722,29.4375,28.88800811767578,28.886762619018555,-1.125,-1.4283664226531982,-1.423768162727356,
57.732,29.4375,28.887136459350586,28.886281967163086,-1.125,-1.4325772523880005,-1.426038146018982,
57.742,29.4375,28.88817024230957,28.88637351989746,-1.125,-1.430766224861145,-1.4252650737762451,
57.752,29.4375,28.89071273803711,28.88715171813965,-1.125,-1.430287480354309,-1.424920916557312,
57.762,29.4375,28.895545959472656,28.8885498046875,-1.125,-1.437318205833435,-1.4284389019012451,
57.772,29.4375,28.90287971496582,28.891693115234375,-1.125,-1.439882755279541,-1.4298175573349,
57.782,29.4375,28.907289505004883,28.89371681213379,-1.125,-1.434294581413269,-1.4277966022491455,
57.792,29.4375,28.91163444519043,28.895845413208008,-1.125,-1.432558536529541,-1.4270565509796143,
57.802,29.4375,28.91149139404297,28.896316528320312,-1.125,-1.4293099641799927,-1.4250144958496094,
57.812,29.4375,28.908205032348633,28.895538330078125,-1.125,-1.429880142211914,-1.4253451824188232,
57.822,29.4375,28.900941848754883,28.8933162689209,-1.125,-1.4319286346435547,-1.4273444414138794,
57.832,29.4375,28.898256301879883,28.89349937438965,-1.125,-1.4326421022415161,-1.4275975227355957,
57.842,29.4375,28.89655303955078,28.89337158203125,-1.125,-1.43136727809906,-1.4271563291549683,
57.852,29.4375,28.900989532470703,28.894346237182617,-1.125,-1.4281563758850098,-1.42563796043396,
57.862,29.4375,28.901775360107422,28.893604278564453,-1.125,-1.4282928705215454,-1.4255547523498535,
57.872,29.4375,28.906082153320312,28.89495086669922,-1.125,-1.4284194707870483,-1.425776720046997,
57.882,29.4375,28.90671730041504,28.895578384399414,-1.125,-1.4311822652816772,-1.4270786046981812,
57.892,29.4375,28.904064178466797,28.894607543945312,-1.125,-1.4278974533081055,-1.4258921146392822,
57.902,29.4375,28.90736961364746,28.895631790161133,-1.125,-1.4275552034378052,-1.4258201122283936,
57.912,29.4375,28.91164779663086,28.897708892822266,-1.125,-1.4296015501022339,-1.4270051717758179,
57.922,29.4375,28.90724754333496,28.897354125976562,-1.125,-1.4315820932388306,-1.428218960762024,
57.932,29.4375,28.906618118286133,28.897518157958984,-1.125,-1.434235692024231,-1.4300658702850342,
57.942,29.4375,28.91061782836914,28.899343490600586,-1.125,-1.435598373413086,-1.4310884475708008,
57.952,29.4375,28.900449752807617,28.89640235900879,-1.125,-1.4321681261062622,-1.4293540716171265,
57.962,29.4375,28.900449752807617,28.89640235900879,-1.125,-1.4311649799346924,-1.4293540716171265,
57.972,29.4375,28.89687728881836,28.89472007751465,-1.125,-1.4330910444259644,-1.4296859502792358,
57.982,29.4375,28.929813385009766,28.905418395996094,-1.125,-1.4282313585281372,-1.4277849197387695,
57.992,29.4375,28.9467830657959,28.905418395996094,-1.125,-1.4165502786636353,-1.4226741790771484,
58.002,29.4375,28.9467830657959,28.91071891784668,-1.125,-1.4165502786636353,-1.4226741790771484,
58.012,29.4375,28.93931007385254,28.90806007385254,-1.125,-1.4157639741897583,-1.4216558933258057,
58.022,29.4375,28.8961238861084,28.89209747314453,-1.125,-1.429155945777893,-1.4281096458435059,
58.032,29.4375,28.8961238861084,28.89209747314453,-1.125,-1.429155945777893,-1.4281096458435059,
58.042,29.4375,28.89263343811035,28.890548706054688,-1.125,-1.4308356046676636,-1.4295117855072021,
58.052,29.4375,28.905670166015625,28.894968032836914,-1.125,-1.4248117208480835,-1.4277180433273315,
58.062,29.4375,28.912431716918945,28.89720916748047,-1.125,-1.4193990230560303,-1.4259942770004272,
58.072,29.4375,28.908315658569336,28.895538330078125,-1.125,-1.4263492822647095,-1.4284471273422241,
58.082,29.4375,28.908315658569336,28.895538330078125,-1.125,-1.4263492822647095,-1.4284471273422241,
58.092,29.4375,28.928512573242188,28.902193069458008,-1.125,-1.413384199142456,-1.4222846031188965,
58.102,29.4375,28.940025329589844,28.905956268310547,-1.125,-1.3971139192581177,-1.4139676094055176,
58.112,29.4375,28.932859420776367,28.903888702392578,-1.125,-1.3961642980575562,-1.4125829935073853,
58.122,29.4375,28.910734176635742,28.896265029907227,-1.125,-1.4185494184494019,-1.422008991241455,
58.132,29.4375,28.910734176635742,28.896265029907227,-1.125,-1.4185494184494019,-1.422008991241455,
58.142,29.4375,28.924762725830078,28.900455474853516,-1.125,-1.4186514616012573,-1.4223716259002686,
58.152,29.4375,28.929080963134766,28.90218734741211,-1.125,-1.409157156944275,-1.4178627729415894,
58.162,29.4375,28.930347442626953,28.903268814086914,-1.125,-1.420101523399353,-1.422032117843628,
58.172,29.4375,28.91908836364746,28.901247024536133,-1.125,-1.43743097782135,-1.4294747114181519,
